Point Name,Latitude,Longitude,Ellipsoidal Height,Code,North,East,Height,Antenna Height,Solution,UTC Start Time,UTC End Time,Local Time,SD to Base,HD to Base,Diff. Age,HRMS,VRMS,PDOP,SAT Tracking,SAT Visible,Antenna Type,Input Antenna Height,Average Times,Ellipsoid Height,HD to Last,Total HD,SD to Last,Total SD,H Diff. from Last Pt,Tracking SAT Details,Base ID,Base Lat,Base Lon,Base Ellipsoid Height,Offset Dist.,Distance Target Point Dz,Chainage,Stake Chainage,Stake Height,Stake Designed H,Stake Designed H Diff,Tilt Survey,TPI,Point ID,Point Type Identifier,Point Type
Pt1,7°18′19.0837″,3°30′47.8553″,162.952,,807531.328,556656.846,162.952,1.299,Single,2026-04-23 09:01:03,2026-04-23 09:01:03,2026-04-23 10:01:03,0.000,0.000,99,0.192,0.544,0.94,33,35,Pole Height,1.220,1,164.251,0.000,0.000,0.000,0.000,0.000,G10+R5+C10+E8,0,0°00′00.0000″,0°00′00.0000″,0.0,0.000,0.000,0.000,0.000,0.000,0.000,0.000,No,No,1,0,Survey Point
Pt2,7°18′16.1860″,3°30′52.3526″,171.377,,807442.499,556794.842,171.377,1.299,Fixed,2026-04-23 09:03:29,2026-04-23 09:03:29,2026-04-23 10:03:29,26350.094,26349.430,1,0.004,0.007,0.91,32,32,Pole Height,1.220,1,172.675,164.114,164.114,164.330,164.330,-8.424,G10+R5+C8+E9,0,7°08′36.8700″,3°20′18.9618″,94.3196,0.000,0.000,0.000,0.000,0.000,0.000,0.000,No,No,2,0,Survey Point
Pt3,7°18′15.0825″,3°30′54.0521″,174.613,,807408.672,556846.990,174.613,1.299,Fixed,2026-04-23 09:04:38,2026-04-23 09:04:38,2026-04-23 10:04:38,26365.736,26365.057,4,0.003,0.004,0.91,31,32,Pole Height,1.220,1,175.911,62.159,226.273,62.243,226.573,-3.236,G10+R5+C7+E9,0,7°08′36.8700″,3°20′18.9618″,94.3196,0.000,0.000,0.000,0.000,0.000,0.000,0.000,No,No,3,0,Survey Point
Pt4,7°18′13.3321″,3°30′55.4924″,177.673,,807354.971,556891.214,177.673,1.299,Fixed,2026-04-23 09:06:12,2026-04-23 09:06:12,2026-04-23 10:06:12,26362.277,26361.582,21,0.003,0.004,0.91,32,32,Pole Height,1.220,1,178.972,69.566,295.839,69.634,296.207,-3.061,G10+R5+C8+E9,0,7°08′36.8700″,3°20′18.9618″,94.3196,0.000,0.000,0.000,0.000,0.000,0.000,0.000,No,No,4,0,Survey Point
Pt5,7°18′10.2324″,3°30′56.1242″,175.780,,807259.803,556910.694,175.780,1.299,Single,2026-04-23 09:07:52,2026-04-23 09:07:52,2026-04-23 10:07:52,26312.803,26312.117,1,0.127,0.429,0.91,33,34,Pole Height,1.220,1,177.079,97.142,392.981,97.160,393.367,1.893,G10+R6+C8+E9,0,7°08′36.8700″,3°20′18.9618″,94.3196,0.000,0.000,0.000,0.000,0.000,0.000,0.000,No,No,5,0,Survey Point
pt001,7°18′22.9137″,3°31′01.1018″,169.526,,807649.407,557062.870,169.526,1.299,Fixed,2026-05-19 11:47:14,2026-05-19 11:47:14,2026-05-19 12:47:14,5.122,4.934,2,0.003,0.004,1.05,29,32,Pole Height,1.220,1,170.825,418.269,811.250,418.316,811.682,6.254,G8+R4+C8+E9,492,7°18′22.7820″,3°31′01.0096″,170.8979,0.000,0.000,0.000,0.000,0.000,0.000,0.000,No,No,6,0,Survey Point
pt002,7°18′26.6862″,3°31′01.8036″,167.757,,807765.283,557084.257,167.757,1.299,Fixed,2026-05-19 11:51:19,2026-05-19 11:51:19,2026-05-19 12:51:19,122.429,122.386,1,0.003,0.003,0.96,34,35,Pole Height,1.220,1,169.055,117.834,929.083,117.847,929.529,1.770,G9+R6+C10+E9,492,7°18′22.7820″,3°31′01.0096″,170.8979,0.000,0.000,0.000,0.000,0.000,0.000,0.000,No,No,7,0,Survey Point
pt003,7°18′28.7441″,3°31′04.4234″,169.097,,807828.570,557164.509,169.097,1.299,Fixed,2026-05-19 11:53:10,2026-05-19 11:53:10,2026-05-19 12:53:10,210.987,210.973,2,0.003,0.003,0.96,35,36,Pole Height,1.220,1,170.396,102.204,1031.287,102.213,1031.742,-1.340,G10+R6+C10+E9,492,7°18′22.7820″,3°31′01.0096″,170.8979,0.000,0.000,0.000,0.000,0.000,0.000,0.000,No,No,8,0,Survey Point
pt003,7°18′28.7439″,3°31′04.4220″,169.101,,807828.566,557164.466,169.101,1.299,Fixed,2026-05-19 11:53:25,2026-05-19 11:53:25,2026-05-19 12:53:25,210.961,210.948,1,0.003,0.003,0.95,35,36,Pole Height,1.220,1,170.400,0.044,1031.331,0.044,1031.786,-0.004,G10+R6+C10+E9,492,7°18′22.7820″,3°31′01.0096″,170.8979,0.000,0.000,0.000,0.000,0.000,0.000,0.000,No,No,9,0,Survey Point
pt004,7°18′31.4998″,3°31′08.4642″,164.610,,807913.339,557288.311,164.610,1.299,Fixed,2026-05-19 11:56:01,2026-05-19 11:56:01,2026-05-19 12:56:01,352.209,352.144,1,0.003,0.004,0.95,34,35,Pole Height,1.220,1,165.909,150.080,1181.412,150.148,1181.934,4.491,G9+R6+C10+E9,492,7°18′22.7820″,3°31′01.0096″,170.8979,0.000,0.000,0.000,0.000,0.000,0.000,0.000,No,No,10,0,Survey Point
pt005,7°18′33.4368″,3°31′13.3873″,159.221,,807972.996,557439.190,159.221,1.299,Fixed,2026-05-19 11:59:19,2026-05-19 11:59:19,2026-05-19 12:59:19,501.421,501.272,1,0.003,0.004,0.91,35,36,Pole Height,1.220,1,160.520,162.245,1343.657,162.335,1344.268,5.389,G10+R7+C9+E9,492,7°18′22.7820″,3°31′01.0096″,170.8979,0.000,0.000,0.000,0.000,0.000,0.000,0.000,No,No,11,0,Survey Point
pt006,7°18′34.4131″,3°31′20.3850″,154.989,,808003.226,557653.714,154.989,1.299,Fixed,2026-05-19 12:03:37,2026-05-19 12:03:37,2026-05-19 13:03:37,693.635,693.434,1,0.003,0.003,1.04,31,32,Pole Height,1.220,1,156.288,216.643,1560.300,216.684,1560.953,4.232,G8+R5+C9+E9,492,7°18′22.7820″,3°31′01.0096″,170.8979,0.000,0.000,0.000,0.000,0.000,0.000,0.000,No,No,12,0,Survey Point
st1,7°18′34.4111″,3°31′20.4757″,154.406,,808003.168,557656.497,154.406,1.299,Fixed,2026-05-19 12:03:52,2026-05-19 12:03:52,2026-05-19 13:03:52,696.003,695.790,2,0.003,0.004,1.0,30,33,Pole Height,1.220,1,155.704,2.784,1563.083,2.844,1563.797,0.583,G8+R4+C9+E9,492,7°18′22.7820″,3°31′01.0096″,170.8979,0.000,0.000,0.000,0.000,0.000,0.000,0.000,No,No,13,0,Survey Point
st2,7°18′34.1431″,3°31′20.5860″,154.316,,807994.940,557659.887,154.316,1.299,Fixed,2026-05-19 12:04:13,2026-05-19 12:04:13,2026-05-19 13:04:13,694.736,694.521,1,0.003,0.004,1.04,27,30,Pole Height,1.220,1,155.614,8.899,1571.983,8.900,1572.697,0.090,G7+R3+C8+E9,492,7°18′22.7820″,3°31′01.0096″,170.8979,0.000,0.000,0.000,0.000,0.000,0.000,0.000,No,No,14,0,Survey Point
st3,7°18′34.3196″,3°31′20.4504″,154.551,,808000.356,557655.724,154.551,1.299,Fixed,2026-05-19 12:04:35,2026-05-19 12:04:35,2026-05-19 13:04:35,693.893,693.683,1,0.003,0.004,0.98,32,33,Pole Height,1.220,1,155.850,6.831,1578.814,6.835,1579.532,-0.235,G8+R6+C9+E9,492,7°18′22.7820″,3°31′01.0096″,170.8979,0.000,0.000,0.000,0.000,0.000,0.000,0.000,No,No,15,0,Survey Point
st4,7°18′34.1435″,3°31′20.1464″,154.770,,807994.938,557646.409,154.770,1.299,Fixed,2026-05-19 12:05:03,2026-05-19 12:05:03,2026-05-19 13:05:03,683.112,682.904,1,0.004,0.005,0.98,31,33,Pole Height,1.220,1,156.068,10.776,1589.590,10.778,1590.310,-0.219,G8+R6+C8+E9,492,7°18′22.7820″,3°31′01.0096″,170.8979,0.000,0.000,0.000,0.000,0.000,0.000,0.000,No,No,16,0,Survey Point
st5,7°18′33.9909″,3°31′20.1172″,153.733,,807990.249,557645.520,153.733,1.299,Fixed,2026-05-19 12:05:23,2026-05-19 12:05:23,2026-05-19 13:05:23,679.981,679.747,1,0.004,0.005,0.98,30,33,Pole Height,1.220,1,155.031,4.773,1594.362,4.884,1595.194,1.037,G8+R5+C8+E9,492,7°18′22.7820″,3°31′01.0096″,170.8979,0.000,0.000,0.000,0.000,0.000,0.000,0.000,No,No,17,0,Survey Point
st6,7°18′33.4717″,3°31′20.4539″,153.753,,807974.320,557655.862,153.753,1.299,Fixed,2026-05-19 12:05:49,2026-05-19 12:05:49,2026-05-19 13:05:49,681.071,680.838,1,0.004,0.005,1.03,34,35,Pole Height,1.220,1,155.052,18.993,1613.355,18.993,1614.186,-0.021,G10+R6+C9+E9,492,7°18′22.7820″,3°31′01.0096″,170.8979,0.000,0.000,0.000,0.000,0.000,0.000,0.000,No,No,18,0,Survey Point
st7,7°18′33.3554″,3°31′20.8582″,154.599,,807970.761,557668.262,154.599,1.299,Fixed,2026-05-19 12:06:49,2026-05-19 12:06:49,2026-05-19 13:06:49,690.248,690.037,1,0.007,0.011,1.02,32,33,Pole Height,1.220,1,155.897,12.901,1626.256,12.929,1627.115,-0.845,G8+R5+C10+E9,492,7°18′22.7820″,3°31′01.0096″,170.8979,0.000,0.000,0.000,0.000,0.000,0.000,0.000,No,No,19,0,Survey Point
st8,7°18′33.1274″,3°31′20.8322″,155.111,,807963.758,557667.473,155.111,1.299,Fixed,2026-05-19 12:07:09,2026-05-19 12:07:09,2026-05-19 13:07:09,686.260,686.061,1,0.006,0.009,1.01,33,34,Pole Height,1.220,1,156.410,7.048,1633.303,7.066,1634.181,-0.513,G8+R6+C10+E9,492,7°18′22.7820″,3°31′01.0096″,170.8979,0.000,0.000,0.000,0.000,0.000,0.000,0.000,No,No,20,0,Survey Point
pt007,7°18′33.1130″,3°31′20.4995″,155.170,,807963.304,557657.273,155.170,1.299,Fixed,2026-05-19 12:08:08,2026-05-19 12:08:08,2026-05-19 13:08:08,677.027,676.827,2,0.003,0.003,0.94,31,34,Pole Height,1.220,1,156.468,10.210,1643.513,10.210,1644.391,-0.058,G8+R6+C9+E8,492,7°18′22.7820″,3°31′01.0096″,170.8979,0.000,0.000,0.000,0.000,0.000,0.000,0.000,No,No,21,0,Survey Point
pt008,7°18′31.7074″,3°31′13.6733″,159.964,,807919.897,557448.020,159.964,1.299,Fixed,2026-05-19 12:12:31,2026-05-19 12:12:31,2026-05-19 13:12:31,475.590,475.452,1,0.003,0.004,0.94,33,34,Pole Height,1.220,1,161.263,213.708,1857.221,213.762,1858.153,-4.794,G8+R7+C9+E9,492,7°18′22.7820″,3°31′01.0096″,170.8979,0.000,0.000,0.000,0.000,0.000,0.000,0.000,No,No,22,0,Survey Point
pt009,7°18′30.5016″,3°31′08.9018″,165.329,,807882.700,557301.763,165.329,1.299,Fixed,2026-05-19 12:15:23,2026-05-19 12:15:23,2026-05-19 13:15:23,338.933,338.878,1,0.003,0.004,0.92,35,36,Pole Height,1.220,1,166.627,150.913,2008.134,151.008,2009.161,-5.365,G10+R7+C9+E9,492,7°18′22.7820″,3°31′01.0096″,170.8979,0.000,0.000,0.000,0.000,0.000,0.000,0.000,No,No,23,0,Survey Point
rd01,7°18′30.5758″,3°31′09.1907″,165.113,,807884.988,557310.618,165.113,1.299,Fixed,2026-05-19 12:15:44,2026-05-19 12:15:44,2026-05-19 13:15:44,346.890,346.833,2,0.004,0.005,0.92,33,34,Pole Height,1.220,1,166.412,9.146,2017.280,9.149,2018.310,0.216,G8+R7+C9+E9,492,7°18′22.7820″,3°31′01.0096″,170.8979,0.000,0.000,0.000,0.000,0.000,0.000,0.000,No,No,24,0,Survey Point
pt010,7°18′25.3378″,3°31′07.0612″,171.000,,807724.060,557245.509,171.000,1.299,Fixed,2026-05-19 12:19:39,2026-05-19 12:19:39,2026-05-19 13:19:39,201.545,201.540,1,0.003,0.003,0.91,33,34,Pole Height,1.220,1,172.298,173.601,2190.881,173.700,2192.010,-5.887,G8+R7+C9+E9,492,7°18′22.7820″,3°31′01.0096″,170.8979,0.000,0.000,0.000,0.000,0.000,0.000,0.000,No,No,25,0,Survey Point
rd02,7°18′25.2483″,3°31′07.3422″,171.047,,807721.321,557254.128,171.047,1.299,Fixed,2026-05-19 12:19:54,2026-05-19 12:19:54,2026-05-19 13:19:54,208.495,208.490,2,0.003,0.004,0.91,34,35,Pole Height,1.220,1,172.346,9.044,2199.925,9.044,2201.054,-0.047,G8+R7+C10+E9,492,7°18′22.7820″,3°31′01.0096″,170.8979,0.000,0.000,0.000,0.000,0.000,0.000,0.000,No,No,26,0,Survey Point
pt011,7°18′21.4606″,3°31′06.2120″,174.674,,807604.964,557219.608,174.674,1.299,Fixed,2026-05-19 12:22:35,2026-05-19 12:22:35,2026-05-19 13:22:35,164.701,164.653,1,0.003,0.003,0.87,35,36,Pole Height,1.220,1,175.973,121.369,2321.294,121.424,2322.478,-3.627,G8+R8+C10+E9,492,7°18′22.7820″,3°31′01.0096″,170.8979,0.000,0.000,0.000,0.000,0.000,0.000,0.000,No,No,27,0,Survey Point
rd03,7°18′21.5347″,3°31′06.4962″,174.653,,807607.252,557228.320,174.653,1.299,Fixed,2026-05-19 12:23:09,2026-05-19 12:23:09,2026-05-19 13:23:09,172.641,172.595,1,0.003,0.003,0.87,34,35,Pole Height,1.220,1,175.952,9.008,2330.302,9.008,2331.485,0.021,G8+R8+C9+E9,492,7°18′22.7820″,3°31′01.0096″,170.8979,0.000,0.000,0.000,0.000,0.000,0.000,0.000,No,No,28,0,Survey Point
pt012,7°18′19.0792″,3°31′08.5596″,177.580,,807531.917,557291.674,177.580,1.299,Fixed,2026-05-19 12:25:18,2026-05-19 12:25:18,2026-05-19 13:25:18,258.101,258.007,2,0.003,0.004,0.87,33,34,Pole Height,1.220,1,178.878,98.433,2428.734,98.476,2429.962,-2.927,G8+R8+C8+E9,492,7°18′22.7820″,3°31′01.0096″,170.8979,0.000,0.000,0.000,0.000,0.000,0.000,0.000,No,No,29,0,Survey Point
rd04,7°18′19.1849″,3°31′08.8284″,177.278,,807535.171,557299.914,177.278,1.299,Fixed,2026-05-19 12:25:39,2026-05-19 12:25:39,2026-05-19 13:25:39,264.143,264.059,1,0.003,0.003,0.89,34,35,Pole Height,1.220,1,178.577,8.859,2437.594,8.864,2438.826,0.301,G8+R8+C9+E9,492,7°18′22.7820″,3°31′01.0096″,170.8979,0.000,0.000,0.000,0.000,0.000,0.000,0.000,No,No,30,0,Survey Point
rd05,7°18′16.7181″,3°31′08.0651″,181.950,,807459.393,557276.596,181.950,1.299,Fixed,2026-05-19 12:27:57,2026-05-19 12:27:57,2026-05-19 13:27:57,285.766,285.545,1,0.003,0.004,0.85,38,39,Pole Height,1.220,1,183.249,79.285,2516.879,79.422,2518.249,-4.672,G9+R9+C11+E9,492,7°18′22.7820″,3°31′01.0096″,170.8979,0.000,0.000,0.000,0.000,0.000,0.000,0.000,No,No,31,0,Survey Point
pt013,7°18′16.6419″,3°31′07.7872″,182.184,,807457.044,557268.077,182.184,1.299,Fixed,2026-05-19 12:28:49,2026-05-19 12:28:49,2026-05-19 13:28:49,280.940,280.706,1,0.003,0.003,0.85,34,35,Pole Height,1.220,1,183.483,8.837,2525.716,8.840,2527.089,-0.234,G8+R9+C8+E9,492,7°18′22.7820″,3°31′01.0096″,170.8979,0.000,0.000,0.000,0.000,0.000,0.000,0.000,No,No,32,0,Survey Point
pt014,7°18′15.6665″,3°31′07.0232″,182.866,,807427.061,557244.685,182.866,1.299,Fixed,2026-05-19 12:29:57,2026-05-19 12:29:57,2026-05-19 13:29:57,286.273,286.014,1,0.003,0.003,0.85,38,39,Pole Height,1.220,1,184.165,38.029,2563.745,38.035,2565.124,-0.682,G9+R9+C11+E9,492,7°18′22.7820″,3°31′01.0096″,170.8979,0.000,0.000,0.000,0.000,0.000,0.000,0.000,No,No,33,0,Survey Point
rd06,7°18′15.4298″,3°31′07.2180″,183.301,,807419.801,557250.666,183.301,1.299,Fixed,2026-05-19 12:30:37,2026-05-19 12:30:37,2026-05-19 13:30:37,295.692,295.424,1,0.003,0.003,0.87,33,34,Pole Height,1.220,1,184.599,9.407,2573.152,9.417,2574.541,-0.434,G8+R9+C7+E9,492,7°18′22.7820″,3°31′01.0096″,170.8979,0.000,0.000,0.000,0.000,0.000,0.000,0.000,No,No,34,0,Survey Point
pt016,7°18′14.7116″,3°31′07.0530″,183.852,,807397.740,557245.635,183.852,1.299,Fixed,2026-05-19 12:31:37,2026-05-19 12:31:37,2026-05-19 13:31:37,309.840,309.560,1,0.003,0.004,0.87,33,34,Pole Height,1.220,1,185.150,22.628,2595.779,22.634,2597.175,-0.551,G8+R9+C7+E9,492,7°18′22.7820″,3°31′01.0096″,170.8979,0.000,0.000,0.000,0.000,0.000,0.000,0.000,No,No,35,0,Survey Point
pt017,7°18′11.4333″,3°30′59.6177″,179.347,,807296.805,557017.770,179.347,1.299,Fixed,2026-05-19 12:37:13,2026-05-19 12:37:13,2026-05-19 13:37:13,351.349,351.237,1,0.003,0.003,0.89,33,34,Pole Height,1.220,1,180.646,249.219,2844.998,249.260,2846.435,4.505,G9+R9+C6+E9,492,7°18′22.7820″,3°31′01.0096″,170.8979,0.000,0.000,0.000,0.000,0.000,0.000,0.000,No,No,36,0,Survey Point
pt018,7°18′13.3711″,3°30′59.1173″,179.373,,807356.296,557002.358,179.373,1.299,Fixed,2026-05-19 12:38:39,2026-05-19 12:38:39,2026-05-19 13:38:39,295.002,294.872,1,0.003,0.003,0.91,30,32,Pole Height,1.220,1,180.671,61.455,2906.453,61.455,2907.890,-0.025,G8+R8+C6+E8,492,7°18′22.7820″,3°31′01.0096″,170.8979,0.000,0.000,0.000,0.000,0.000,0.000,0.000,No,No,37,0,Survey Point
pt019,7°18′12.5548″,3°30′55.6522″,177.658,,807331.106,556896.142,177.658,1.299,Fixed,2026-05-19 12:40:27,2026-05-19 12:40:27,2026-05-19 13:40:27,354.633,354.558,1,0.003,0.003,0.91,31,32,Pole Height,1.220,1,178.957,109.162,3015.615,109.176,3017.065,1.714,G8+R9+C6+E8,492,7°18′22.7820″,3°31′01.0096″,170.8979,0.000,0.000,0.000,0.000,0.000,0.000,0.000,No,No,38,0,Survey Point
rd07,7°18′13.3502″,3°30′55.4509″,177.402,,807355.525,556889.939,177.402,1.299,Fixed,2026-05-19 12:41:36,2026-05-19 12:41:36,2026-05-19 13:41:36,336.262,336.190,2,0.003,0.003,0.9,33,35,Pole Height,1.220,1,178.701,25.194,3040.809,25.195,3042.261,0.256,G9+R8+C8+E8,492,7°18′22.7820″,3°31′01.0096″,170.8979,0.000,0.000,0.000,0.000,0.000,0.000,0.000,No,No,39,0,Survey Point
rd07,7°18′13.3502″,3°30′55.4509″,177.402,,807355.525,556889.939,177.402,1.299,Fixed,2026-05-19 12:41:36,2026-05-19 12:41:36,2026-05-19 13:41:36,336.262,336.190,2,0.003,0.003,0.9,33,35,Pole Height,1.220,1,178.701,0.000,3040.809,0.000,3042.261,0.000,G9+R8+C8+E8,492,7°18′22.7820″,3°31′01.0096″,170.8979,0.000,0.000,0.000,0.000,0.000,0.000,0.000,No,No,40,0,Survey Point
rd08,7°18′13.0444″,3°30′55.1394″,177.135,,807346.123,556880.399,177.135,1.299,Fixed,2026-05-19 12:42:07,2026-05-19 12:42:07,2026-05-19 13:42:07,349.214,349.149,1,0.003,0.004,0.92,29,32,Pole Height,1.220,1,178.434,13.394,3054.204,13.397,3055.658,0.267,G8+R7+C7+E7,492,7°18′22.7820″,3°31′01.0096″,170.8979,0.000,0.000,0.000,0.000,0.000,0.000,0.000,No,No,41,0,Survey Point
pt020,7°18′15.0995″,3°30′54.0128″,174.283,,807409.193,556845.785,174.283,1.299,Fixed,2026-05-19 12:44:33,2026-05-19 12:44:33,2026-05-19 13:44:33,319.021,318.994,1,0.003,0.004,0.93,33,34,Pole Height,1.220,1,175.582,71.944,3126.148,72.001,3127.658,2.852,G8+R8+C9+E8,492,7°18′22.7820″,3°31′01.0096″,170.8979,0.000,0.000,0.000,0.000,0.000,0.000,0.000,No,No,42,0,Survey Point
rd09,7°18′14.6597″,3°30′53.9949″,174.263,,807395.685,556845.252,174.263,1.299,Fixed,2026-05-19 12:44:57,2026-05-19 12:44:57,2026-05-19 13:44:57,329.501,329.474,1,0.004,0.006,0.92,31,33,Pole Height,1.220,1,175.561,13.518,3139.666,13.518,3141.177,0.021,G9+R7+C7+E8,492,7°18′22.7820″,3°31′01.0096″,170.8979,0.000,0.000,0.000,0.000,0.000,0.000,0.000,No,No,43,0,Survey Point
pt021,7°18′16.1957″,3°30′52.3165″,171.269,,807442.795,556793.736,171.269,1.299,Fixed,2026-05-19 12:46:22,2026-05-19 12:46:22,2026-05-19 13:46:22,334.727,334.717,2,0.003,0.004,0.9,31,32,Pole Height,1.220,1,172.568,69.809,3209.476,69.873,3211.050,2.993,G8+R8+C7+E8,492,7°18′22.7820″,3°31′01.0096″,170.8979,0.000,0.000,0.000,0.000,0.000,0.000,0.000,No,No,44,0,Survey Point
rd011,7°18′15.8197″,3°30′52.0832″,171.408,,807431.241,556786.594,171.408,1.299,Fixed,2026-05-19 12:46:56,2026-05-19 12:46:56,2026-05-19 13:46:56,347.445,347.435,2,0.003,0.004,0.9,31,33,Pole Height,1.220,1,172.707,13.583,3223.059,13.584,3224.634,-0.139,G8+R8+C7+E8,492,7°18′22.7820″,3°31′01.0096″,170.8979,0.000,0.000,0.000,0.000,0.000,0.000,0.000,No,No,45,0,Survey Point
pt022,7°18′19.0828″,3°30′47.8126″,163.295,,807531.298,556655.536,163.295,1.299,Fixed,2026-05-19 12:50:52,2026-05-19 12:50:52,2026-05-19 13:50:52,420.517,420.437,2,0.003,0.004,0.98,30,31,Pole Height,1.220,1,164.594,164.886,3387.945,165.086,3389.720,8.113,G8+R7+C7+E8,492,7°18′22.7820″,3°31′01.0096″,170.8979,0.000,0.000,0.000,0.000,0.000,0.000,0.000,No,No,46,0,Survey Point
pt023,7°18′21.2000″,3°30′55.1482″,166.918,,807596.573,556880.384,166.918,1.299,Fixed,2026-05-19 12:55:22,2026-05-19 12:55:22,2026-05-19 13:55:22,186.285,186.237,2,0.002,0.003,0.92,30,31,Pole Height,1.220,1,168.216,234.131,3622.076,234.159,3623.879,-3.622,G7+R8+C7+E8,492,7°18′22.7820″,3°31′01.0096″,170.8979,0.000,0.000,0.000,0.000,0.000,0.000,0.000,No,No,47,0,Survey Point
Base_1,7°18′22.7743″,3°31′01.0286″,170.840,,807645.125,557060.631,170.840,1.299,Base,2026-05-19 13:01:00,2026-05-19 13:01:00,2026-05-19 14:01:00,0.000,0.000,99,0.000,0.000,0.0,0,0,Pole Height,1.220,1,0.000,186.671,3808.747,186.712,3810.591,-3.922,,,0°00′00.0000″,0°00′00.0000″,0.0,0.000,0.000,0.000,0.000,0.000,0.000,0.000,No,No,48,0,Survey Point
base1,7°18′22.7687″,3°31′01.0305″,170.689,,807644.953,557060.690,170.689,1.299,Base,2026-05-19 13:01:51,2026-05-19 13:01:51,2026-05-19 14:01:51,0.000,0.000,99,0.126,0.525,1.14,31,31,Pole Height,1.220,1,171.988,0.181,3808.929,0.236,3810.827,0.151,G9+R6+C10+E6,0,0°00′00.0000″,0°00′00.0000″,0.0,0.000,0.000,0.000,0.000,0.000,0.000,0.000,No,No,49,0,Survey Point
