Point Name,Latitude,Longitude,Ellipsoidal Height,Code,North,East,Height,Antenna Height,Solution,UTC Start Time,UTC End Time,Local Time,SD to Base,HD to Base,Diff. Age,HRMS,VRMS,PDOP,SAT Tracking,SAT Visible,Antenna Type,Input Antenna Height,Average Times,Ellipsoid Height,HD to Last,Total HD,SD to Last,Total SD,Height Diff. from Last Point,Tracking SAT Details,Base ID,Base Lat,Base Lon,Base Ellipsoid Height,Offset Dist.,Chainage,Stake Chainage,Stake Height,Stake Designed H,Stake Designed H Diff,Tilt Survey,TPI,Point ID,Point Type
base,0.0,-1.29194780,0.000,,0.000,0.000,0.000,0.000,NONE,2026-08-21 09:37:38,2026-08-21 09:37:38,2026-08-21 17:37:38,0.000,0.000,99,0.0,0.0,0.0,0,0,Pole Height,0.000,1,0.000,0.000,0.000,0.000,0.000,0.000,,,0.0,0.0,0.0,0.000,0.000,0.000,0.000,0.000,0.000,No,No,1,1
basf,0.0,-1.29194780,0.000,,0.000,0.000,0.000,0.000,NONE,2026-08-21 09:37:39,2026-08-21 09:37:39,2026-08-21 17:37:39,0.000,0.000,99,0.0,0.0,0.0,0,0,Pole Height,0.000,1,0.000,0.000,0.000,0.000,0.000,0.000,,,0.0,0.0,0.0,0.000,0.000,0.000,0.000,0.000,0.000,No,No,2,1
PT02,7.18104137,3.31205926,184.090,,807266.236,557660.935,184.090,2.078,Fixed,2026-08-21 09:51:04,2026-08-21 09:51:04,2026-08-21 17:51:04,439.252,439.237,1,0.0028284271,0.0035,0.87,39,39,Pole Height,2.000,1,186.168,981154.674,981154.674,981154.692,981154.692,-184.090,G11+R7+C12+E9,440,7.17575090,3.31267584,182.5869,0.000,0.000,0.000,0.000,0.000,0.000,No,No,3,0
PT03,7.18099585,3.31231895,179.138,,807252.349,557740.578,179.138,2.078,Fixed,2026-08-21 09:52:57,2026-08-21 09:52:57,2026-08-21 17:52:57,397.835,397.809,1,0.0028284271,0.0037,0.88,35,36,Pole Height,2.000,1,181.217,80.844,981235.519,80.996,981235.687,4.951,G10+R7+C9+E9,440,7.17575090,3.31267584,182.5869,0.000,0.000,0.000,0.000,0.000,0.000,No,No,4,0
PT04,7.18102049,3.31255208,176.655,,807259.999,557812.049,176.655,2.078,Fixed,2026-08-21 09:55:04,2026-08-21 09:55:04,2026-08-21 17:55:04,391.920,391.864,1,0.0026870058,0.0035,0.92,33,35,Pole Height,2.000,1,178.733,71.880,981307.398,71.923,981307.610,2.484,G10+R7+C8+E8,440,7.17575090,3.31267584,182.5869,0.000,0.000,0.000,0.000,0.000,0.000,No,No,5,0
RDP01,7.18119632,3.31190088,182.700,,807313.763,557612.317,182.700,2.078,Fixed,2026-08-21 10:04:40,2026-08-21 10:04:40,2026-08-21 18:04:40,503.672,503.657,1,0.0029698485,0.0039,0.92,35,35,Pole Height,2.000,1,184.778,206.842,981514.240,206.930,981514.540,-6.045,G10+R7+C9+E9,440,7.17575090,3.31267584,182.5869,0.000,0.000,0.000,0.000,0.000,0.000,No,No,6,0
RDP02,7.18116927,3.31191279,182.812,,807305.459,557615.978,182.812,2.078,Fixed,2026-08-21 10:05:36,2026-08-21 10:05:36,2026-08-21 18:05:36,494.622,494.607,1,0.0026870058,0.0035,0.97,36,36,Pole Height,2.000,1,184.890,9.074,981523.314,9.075,981523.615,-0.112,G10+R7+C11+E8,440,7.17575090,3.31267584,182.5869,0.000,0.000,0.000,0.000,0.000,0.000,No,No,7,0
PT05,7.18132711,3.31236151,175.756,,807354.090,557753.510,175.756,2.078,Fixed,2026-08-21 10:09:33,2026-08-21 10:09:33,2026-08-21 18:09:33,493.780,493.719,1,0.0035355338,0.0047,1.06,31,34,Pole Height,2.000,1,177.835,145.876,981669.191,146.047,981669.662,7.055,G9+R7+C7+E8,440,7.17575090,3.31267584,182.5869,0.000,0.000,0.000,0.000,0.000,0.000,No,No,8,0
PT06,7.18164927,3.31345033,161.236,,807453.412,558087.246,161.236,2.078,Fixed,2026-08-21 10:19:28,2026-08-21 10:19:28,2026-08-21 18:19:28,630.091,629.712,1,0.0029698485,0.004,0.94,34,35,Pole Height,2.000,1,163.314,348.202,982017.393,348.505,982018.167,14.520,G10+R7+C9+E8,440,7.17575090,3.31267584,182.5869,0.000,0.000,0.000,0.000,0.000,0.000,No,No,10,0
ST01,7.18165830,3.31346381,160.598,,807456.190,558091.374,160.598,2.078,Fixed,2026-08-21 10:20:00,2026-08-21 10:20:00,2026-08-21 18:20:00,634.245,633.846,1,0.0026870058,0.0035,0.92,34,35,Pole Height,2.000,1,162.676,4.976,982022.369,5.017,982023.184,0.638,G10+R7+C9+E8,440,7.17575090,3.31267584,182.5869,0.000,0.000,0.000,0.000,0.000,0.000,No,No,11,0
ST02,7.18162322,3.31346005,161.081,,807445.415,558090.234,161.081,2.078,Fixed,2026-08-21 10:20:33,2026-08-21 10:20:33,2026-08-21 18:20:33,623.839,623.451,1,0.0029698485,0.0039,0.99,34,34,Pole Height,2.000,1,163.159,10.835,982033.204,10.846,982034.029,-0.483,G10+R7+C9+E8,440,7.17575090,3.31267584,182.5869,0.000,0.000,0.000,0.000,0.000,0.000,No,No,12,0
ST03,7.18161070,3.31345540,160.471,,807441.567,558088.813,160.471,2.078,Fixed,2026-08-21 10:20:51,2026-08-21 10:20:51,2026-08-21 18:20:51,619.762,619.351,1,0.02503158,0.048,1.09,32,33,Pole Height,2.000,1,162.549,4.102,982037.306,4.147,982038.177,0.609,G10+R7+C9+E6,440,7.17575090,3.31267584,182.5869,0.000,0.000,0.000,0.000,0.000,0.000,No,No,13,0
ST04,7.18158560,3.31346531,160.536,,807433.863,558091.862,160.536,2.078,Fixed,2026-08-21 10:21:38,2026-08-21 10:21:38,2026-08-21 18:21:38,613.852,613.439,1,0.0036769554,0.0053,0.93,33,34,Pole Height,2.000,1,162.614,8.285,982045.592,8.285,982046.462,-0.065,G9+R7+C9+E8,440,7.17575090,3.31267584,182.5869,0.000,0.000,0.000,0.000,0.000,0.000,No,No,14,0
ST05,7.18155460,3.31346307,161.280,,807424.344,558091.186,161.280,2.078,Fixed,2026-08-21 10:22:08,2026-08-21 10:22:08,2026-08-21 18:22:08,604.820,604.428,1,0.0045254836,0.0066,1.05,33,34,Pole Height,2.000,1,163.358,9.543,982055.134,9.572,982056.034,-0.744,G10+R7+C9+E7,440,7.17575090,3.31267584,182.5869,0.000,0.000,0.000,0.000,0.000,0.000,No,No,15,0
ST06,7.18153399,3.31346745,161.574,,807418.016,558092.535,161.574,2.078,Fixed,2026-08-21 10:22:31,2026-08-21 10:22:31,2026-08-21 18:22:31,599.555,599.170,1,0.0043840623,0.0065,0.95,30,33,Pole Height,2.000,1,163.652,6.471,982061.605,6.478,982062.512,-0.294,G9+R6+C7+E8,440,7.17575090,3.31267584,182.5869,0.000,0.000,0.000,0.000,0.000,0.000,No,No,16,0
ST07,7.18151152,3.31346768,161.391,,807411.116,558092.615,161.391,2.078,Fixed,2026-08-21 10:22:52,2026-08-21 10:22:52,2026-08-21 18:22:52,593.291,592.896,1,0.0043840623,0.0069,0.96,31,32,Pole Height,2.000,1,163.469,6.900,982068.506,6.903,982069.414,0.183,G10+R6+C8+E7,440,7.17575090,3.31267584,182.5869,0.000,0.000,0.000,0.000,0.000,0.000,No,No,17,0
ST08,7.18150936,3.31348366,160.831,,807410.460,558097.514,160.831,2.078,Fixed,2026-08-21 10:23:13,2026-08-21 10:23:13,2026-08-21 18:23:13,594.733,594.318,1,0.0028284271,0.0037,0.96,31,33,Pole Height,2.000,1,162.909,4.942,982073.448,4.974,982074.388,0.560,G9+R7+C8+E7,440,7.17575090,3.31267584,182.5869,0.000,0.000,0.000,0.000,0.000,0.000,No,No,18,0
ST09,7.18147510,3.31345351,161.345,,807399.926,558088.283,161.345,2.078,Fixed,2026-08-21 10:23:36,2026-08-21 10:23:36,2026-08-21 18:23:36,581.313,580.909,1,0.0036769554,0.0054,0.95,32,32,Pole Height,2.000,1,163.424,14.006,982087.454,14.015,982088.404,-0.515,G9+R6+C9+E8,440,7.17575090,3.31267584,182.5869,0.000,0.000,0.000,0.000,0.000,0.000,No,No,19,0
ST10,7.18143395,3.31346171,161.513,,807387.291,558090.811,161.513,2.078,Fixed,2026-08-21 10:23:59,2026-08-21 10:23:59,2026-08-21 18:23:59,570.868,570.463,1,0.0031112698,0.0042,0.98,28,30,Pole Height,2.000,1,163.591,12.885,982100.339,12.886,982101.290,-0.168,G8+R6+C8+E6,440,7.17575090,3.31267584,182.5869,0.000,0.000,0.000,0.000,0.000,0.000,No,No,20,0
ST11,7.18134841,3.31353382,161.666,,807361.049,558112.954,161.666,2.078,Fixed,2026-08-21 10:24:50,2026-08-21 10:24:50,2026-08-21 18:24:50,557.274,556.866,1,0.005515433,0.0088,0.99,28,30,Pole Height,2.000,1,163.745,34.336,982134.675,34.337,982135.627,-0.153,G7+R4+C9+E8,440,7.17575090,3.31267584,182.5869,0.000,0.000,0.000,0.000,0.000,0.000,No,No,21,0
ST12,7.18129746,3.31357105,161.779,,807345.415,558124.385,161.779,2.078,Fixed,2026-08-21 10:25:28,2026-08-21 10:25:28,2026-08-21 18:25:28,549.155,548.745,1,0.0033941125,0.0047,0.87,37,37,Pole Height,2.000,1,163.857,19.367,982154.042,19.367,982154.994,-0.112,G11+R8+C9+E9,440,7.17575090,3.31267584,182.5869,0.000,0.000,0.000,0.000,0.000,0.000,No,No,22,0
ST13,7.18126636,3.31357566,162.011,,807335.867,558125.810,162.011,2.078,Fixed,2026-08-21 10:25:52,2026-08-21 10:25:52,2026-08-21 18:25:52,541.621,541.215,1,0.0031112698,0.0041,0.85,37,37,Pole Height,2.000,1,164.090,9.654,982163.696,9.656,982164.650,-0.232,G11+R8+C9+E9,440,7.17575090,3.31267584,182.5869,0.000,0.000,0.000,0.000,0.000,0.000,No,No,23,0
ST14,7.18118292,3.31360916,162.221,,807310.255,558136.114,162.221,2.078,Fixed,2026-08-21 10:26:44,2026-08-21 10:26:44,2026-08-21 18:26:44,525.274,524.865,1,0.0043840623,0.0065,0.85,37,37,Pole Height,2.000,1,164.300,27.607,982191.303,27.608,982192.258,-0.210,G11+R8+C9+E9,440,7.17575090,3.31267584,182.5869,0.000,0.000,0.000,0.000,0.000,0.000,No,No,24,0
ST15,7.18111171,3.31360468,162.156,,807288.388,558134.766,162.156,2.078,Fixed,2026-08-21 10:27:34,2026-08-21 10:27:34,2026-08-21 18:27:34,506.323,505.897,1,0.0028284271,0.0038,0.85,37,37,Pole Height,2.000,1,164.235,21.909,982213.212,21.909,982214.167,0.065,G11+R8+C9+E9,440,7.17575090,3.31267584,182.5869,0.000,0.000,0.000,0.000,0.000,0.000,No,No,25,0
ST16,7.18103704,3.31368953,162.542,,807265.486,558160.808,162.542,2.078,Fixed,2026-08-21 10:31:30,2026-08-21 10:31:30,2026-08-21 18:31:30,503.189,502.776,1,0.0042426405,0.0063,0.88,36,36,Pole Height,2.000,1,164.620,34.680,982247.892,34.682,982248.849,-0.386,G11+R7+C10+E8,440,7.17575090,3.31267584,182.5869,0.000,0.000,0.000,0.000,0.000,0.000,No,No,26,0
ST17,7.18099142,3.31372279,162.538,,807251.490,558171.023,162.538,2.078,Fixed,2026-08-21 10:32:06,2026-08-21 10:32:06,2026-08-21 18:32:06,498.770,498.353,1,0.0035355338,0.0049,0.9,35,35,Pole Height,2.000,1,164.616,17.327,982265.219,17.327,982266.177,0.004,G11+R7+C10+E7,440,7.17575090,3.31267584,182.5869,0.000,0.000,0.000,0.000,0.000,0.000,No,No,27,0
ST18,7.18099875,3.31375799,162.511,,807253.754,558181.812,162.511,2.078,Fixed,2026-08-21 10:32:29,2026-08-21 10:32:29,2026-08-21 18:32:29,507.488,507.077,1,0.005515433,0.0084,0.99,34,35,Pole Height,2.000,1,164.589,11.023,982276.243,11.023,982277.200,0.027,G11+R7+C9+E7,440,7.17575090,3.31267584,182.5869,0.000,0.000,0.000,0.000,0.000,0.000,No,No,28,0
ST19,7.18090904,3.31384177,162.996,,807226.234,558207.534,162.996,2.078,Fixed,2026-08-21 10:33:23,2026-08-21 10:33:23,2026-08-21 18:33:23,504.852,504.458,1,0.0036769554,0.0051,0.94,33,36,Pole Height,2.000,1,165.074,37.670,982313.912,37.673,982314.873,-0.485,G10+R6+C9+E8,440,7.17575090,3.31267584,182.5869,0.000,0.000,0.000,0.000,0.000,0.000,No,No,29,0
ST20,7.18083274,3.31385205,163.407,,807202.806,558210.713,163.407,2.078,Fixed,2026-08-21 10:34:00,2026-08-21 10:34:00,2026-08-21 18:34:00,490.912,490.524,1,0.0026870058,0.0036,0.88,37,37,Pole Height,2.000,1,165.485,23.643,982337.555,23.647,982338.519,-0.410,G11+R7+C10+E9,440,7.17575090,3.31267584,182.5869,0.000,0.000,0.000,0.000,0.000,0.000,No,No,30,0
PT07,7.18081028,3.31389998,163.919,,807195.928,558225.418,163.919,2.078,Fixed,2026-08-21 10:34:40,2026-08-21 10:34:40,2026-08-21 18:34:40,497.255,496.891,1,0.0029698485,0.004,0.88,36,36,Pole Height,2.000,1,165.997,16.234,982353.790,16.242,982354.762,-0.512,G11+R7+C10+E8,440,7.17575090,3.31267584,182.5869,0.000,0.000,0.000,0.000,0.000,0.000,No,No,31,0
ST21,7.18081005,3.31392577,163.778,,807195.866,558233.326,163.778,2.078,Fixed,2026-08-21 10:35:53,2026-08-21 10:35:53,2026-08-21 18:35:53,503.215,502.850,1,0.0026870058,0.0036,0.88,36,36,Pole Height,2.000,1,165.856,7.908,982361.697,7.909,982362.670,0.141,G11+R7+C10+E8,440,7.17575090,3.31267584,182.5869,0.000,0.000,0.000,0.000,0.000,0.000,No,No,32,0
RD01,7.18080769,3.31392576,163.826,,807195.140,558233.323,163.826,2.078,Fixed,2026-08-21 10:36:17,2026-08-21 10:36:17,2026-08-21 18:36:17,502.741,502.377,1,0.0026870058,0.0035,0.88,39,39,Pole Height,2.000,1,165.905,0.726,982362.423,0.728,982363.398,-0.048,G11+R9+C10+E9,440,7.17575090,3.31267584,182.5869,0.000,0.000,0.000,0.000,0.000,0.000,No,No,33,0
RD02,7.18080071,3.31392837,163.834,,807192.999,558234.127,163.834,2.078,Fixed,2026-08-21 10:36:33,2026-08-21 10:36:33,2026-08-21 18:36:33,501.973,501.609,1,0.0029698485,0.0041,0.88,36,36,Pole Height,2.000,1,165.912,2.287,982364.710,2.287,982365.685,-0.008,G11+R7+C10+E8,440,7.17575090,3.31267584,182.5869,0.000,0.000,0.000,0.000,0.000,0.000,No,No,34,0
PT08,7.18050907,3.31364646,169.639,,807103.337,558147.791,169.639,2.078,Fixed,2026-08-21 10:38:52,2026-08-21 10:38:52,2026-08-21 18:38:52,378.232,378.000,1,0.0028284271,0.0038,0.88,36,36,Pole Height,2.000,1,171.718,124.472,982489.181,124.607,982490.292,-5.805,G11+R7+C10+E8,440,7.17575090,3.31267584,182.5869,0.000,0.000,0.000,0.000,0.000,0.000,No,No,35,0
RD04,7.18049180,3.31366180,169.386,,807098.039,558152.502,169.386,2.078,Fixed,2026-08-21 10:39:21,2026-08-21 10:39:21,2026-08-21 18:39:21,378.745,378.505,1,0.0026870058,0.0034,0.88,37,37,Pole Height,2.000,1,171.464,7.090,982496.271,7.094,982497.386,0.253,G11+R7+C11+E8,440,7.17575090,3.31267584,182.5869,0.000,0.000,0.000,0.000,0.000,0.000,No,No,36,0
RD03,7.18050366,3.31365101,169.355,,807101.678,558149.188,169.355,2.078,Fixed,2026-08-21 10:39:40,2026-08-21 10:39:40,2026-08-21 18:39:40,378.324,378.082,1,0.0028284271,0.0038,0.88,36,36,Pole Height,2.000,1,171.433,4.921,982501.192,4.921,982502.307,0.031,G11+R7+C10+E8,440,7.17575090,3.31267584,182.5869,0.000,0.000,0.000,0.000,0.000,0.000,No,No,37,0
PT10,7.18019232,3.31336965,173.383,,807005.967,558063.028,173.383,2.078,Fixed,2026-08-21 10:41:42,2026-08-21 10:41:42,2026-08-21 18:41:42,252.520,252.345,1,0.0038183767,0.0056,0.89,34,34,Pole Height,2.000,1,175.461,128.779,982629.972,128.842,982631.150,-4.028,G11+R7+C9+E7,440,7.17575090,3.31267584,182.5869,0.000,0.000,0.000,0.000,0.000,0.000,No,No,38,0
RD05,7.18018075,3.31338573,173.264,,807002.419,558067.963,173.264,2.078,Fixed,2026-08-21 10:42:08,2026-08-21 10:42:08,2026-08-21 18:42:08,254.834,254.657,1,0.0026870058,0.0034,0.89,35,35,Pole Height,2.000,1,175.343,6.078,982636.050,6.079,982637.229,0.119,G11+R7+C10+E7,440,7.17575090,3.31267584,182.5869,0.000,0.000,0.000,0.000,0.000,0.000,No,No,39,0
RD06,7.18018918,3.31337482,173.226,,807005.004,558064.616,173.226,2.078,Fixed,2026-08-21 10:42:20,2026-08-21 10:42:20,2026-08-21 18:42:20,253.350,253.170,1,0.0032526911,0.0045,0.89,35,35,Pole Height,2.000,1,175.304,4.229,982640.279,4.230,982641.459,0.038,G11+R7+C10+E7,440,7.17575090,3.31267584,182.5869,0.000,0.000,0.000,0.000,0.000,0.000,No,No,40,0
PT11,7.17593115,3.31317549,176.646,,806925.695,558003.589,176.646,2.078,Fixed,2026-08-21 10:44:03,2026-08-21 10:44:03,2026-08-21 18:44:03,163.068,162.955,1,0.0042426405,0.0062,0.91,34,34,Pole Height,2.000,1,178.724,100.071,982740.351,100.130,982741.588,-3.419,G11+R7+C10+E6,440,7.17575090,3.31267584,182.5869,0.000,0.000,0.000,0.000,0.000,0.000,No,No,41,0
RD07,7.17592839,3.31317832,176.593,,806924.849,558004.457,176.593,2.078,Fixed,2026-08-21 10:44:20,2026-08-21 10:44:20,2026-08-21 18:44:20,163.601,163.487,1,0.0031112698,0.0042,0.95,33,34,Pole Height,2.000,1,178.671,1.212,982741.563,1.213,982742.801,0.053,G11+R6+C10+E6,440,7.17575090,3.31267584,182.5869,0.000,0.000,0.000,0.000,0.000,0.000,No,No,42,0
RD08,7.17591543,3.31318798,176.553,,806920.871,558007.425,176.553,2.078,Fixed,2026-08-21 10:44:28,2026-08-21 10:44:28,2026-08-21 18:44:28,165.136,165.021,1,0.0031112698,0.0042,0.97,33,34,Pole Height,2.000,1,178.631,4.963,982746.526,4.963,982747.765,0.040,G11+R6+C10+E6,440,7.17575090,3.31267584,182.5869,0.000,0.000,0.000,0.000,0.000,0.000,No,No,43,0
PT12,7.17579995,3.31299588,178.844,,806885.340,557948.564,178.844,2.078,Fixed,2026-08-21 10:45:38,2026-08-21 10:45:38,2026-08-21 18:45:38,99.390,99.316,1,0.0053740116,0.0083,0.93,33,33,Pole Height,2.000,1,180.922,68.753,982815.279,68.792,982816.556,-2.291,G10+R7+C10+E6,440,7.17575090,3.31267584,182.5869,0.000,0.000,0.000,0.000,0.000,0.000,No,No,44,0
RD09,7.17579729,3.31299708,178.604,,806884.525,557948.932,178.604,2.078,Fixed,2026-08-21 10:46:06,2026-08-21 10:46:06,2026-08-21 18:46:06,99.642,99.559,1,0.0028284271,0.0036,0.91,35,35,Pole Height,2.000,1,180.682,0.894,982816.174,0.926,982817.482,0.240,G11+R7+C10+E7,440,7.17575090,3.31267584,182.5869,0.000,0.000,0.000,0.000,0.000,0.000,No,No,45,0
RD10,7.17578438,3.31300150,178.787,,806880.560,557950.292,178.787,2.078,Fixed,2026-08-21 10:46:15,2026-08-21 10:46:15,2026-08-21 18:46:15,100.492,100.418,1,0.0026870058,0.0036,0.9,36,36,Pole Height,2.000,1,180.865,4.191,982820.365,4.195,982821.678,-0.183,G11+R7+C10+E8,440,7.17575090,3.31267584,182.5869,0.000,0.000,0.000,0.000,0.000,0.000,No,No,46,0
PT01,7.17575123,3.31267623,180.718,,806870.266,557850.571,180.718,2.078,Fixed,2026-08-21 10:48:22,2026-08-21 10:48:22,2026-08-21 18:48:22,1.875,0.159,1,0.0029698485,0.004,0.93,34,34,Pole Height,2.000,1,182.796,100.251,982920.616,100.270,982921.947,-1.931,G10+R7+C10+E7,440,7.17575090,3.31267584,182.5869,0.000,0.000,0.000,0.000,0.000,0.000,No,No,47,0
RD12,7.17574818,3.31267699,180.658,,806869.329,557850.803,180.658,2.078,Fixed,2026-08-21 10:49:07,2026-08-21 10:49:07,2026-08-21 18:49:07,2.131,0.906,1,0.0026870058,0.0034,0.93,34,34,Pole Height,2.000,1,182.736,0.965,982921.581,0.967,982922.915,0.060,G10+R7+C10+E7,440,7.17575090,3.31267584,182.5869,0.000,0.000,0.000,0.000,0.000,0.000,No,No,48,0
RD13,7.17573247,3.31268185,180.798,,806864.505,557852.300,180.798,2.078,Fixed,2026-08-21 10:49:17,2026-08-21 10:49:17,2026-08-21 18:49:17,6.217,5.954,1,0.0025455845,0.0034,0.93,34,34,Pole Height,2.000,1,182.876,5.050,982926.631,5.052,982927.966,-0.140,G10+R7+C10+E7,440,7.17575090,3.31267584,182.5869,0.000,0.000,0.000,0.000,0.000,0.000,No,No,49,0
1mchain,7.17574776,3.31267706,180.651,,806869.200,557850.827,180.651,2.078,Fixed,2026-08-21 10:52:08,2026-08-21 10:52:08,2026-08-21 18:52:08,2.194,1.033,1,0.0031112698,0.0042,0.93,36,36,Pole Height,2.000,1,182.730,4.921,982931.552,4.923,982932.889,0.147,G10+R7+C10+E9,440,7.17575090,3.31267584,182.5869,0.000,0.000,0.000,0.000,0.000,0.000,No,No,50,0
